Journal name,JCR Abbreviation,ISSN,eISSN,Category,2022 JIF,2022 JCI,5 Year JIF,JIF Rank,JCI Rank
"Wiley Interdisciplinary Reviews-Computational Molecular Science","WIRES COMPUT MOL SCI","1759-0876","1759-0884","MATHEMATICAL & COMPUTATIONAL BIOLOGY - SCIE","11.4","1.31","17.5"," 1/55 "," 8/67 "
"Research Synthesis Methods","RES SYNTH METHODS","1759-2879","1759-2887","MATHEMATICAL & COMPUTATIONAL BIOLOGY - SCIE","9.8","2.01","10.6"," 2/55 "," 3/67 "
"BRIEFINGS IN BIOINFORMATICS","BRIEF BIOINFORM","1467-5463","1477-4054","MATHEMATICAL & COMPUTATIONAL BIOLOGY - SCIE","9.5","2.58","10.6"," 3/55 "," 1/67 "
"Annual Review of Statistics and Its Application","ANNU REV STAT APPL","2326-8298","2326-831X","STATISTICS & PROBABILITY - SCIE","7.9","3.27","10"," 1/125 "," 1/164 "
"IEEE Journal of Biomedical and Health Informatics","IEEE J BIOMED HEALTH","2168-2194","2168-2208","MATHEMATICAL & COMPUTATIONAL BIOLOGY - SCIE","7.7","1.76","7.7"," 4/55 "," 4/67 "
"COMPUTERS IN BIOLOGY AND MEDICINE","COMPUT BIOL MED","0010-4825","1879-0534","MATHEMATICAL & COMPUTATIONAL BIOLOGY - SCIE","7.7","1.62","6.9"," 4/55 "," 6/67 "
"ECONOMETRICA","ECONOMETRICA","0012-9682","1468-0262","STATISTICS & PROBABILITY - SCIE","6.1","2.22","7.5"," 2/125 "," 2/164 "
"JOURNAL OF THE ROYAL STATISTICAL SOCIETY SERIES B-STATISTICAL METHODOLOGY","J R STAT SOC B","1369-7412","1467-9868","STATISTICS & PROBABILITY - SCIE","5.8","2.06","5.8"," 3/125 "," 4/164 "
"Journal of Statistical Software","J STAT SOFTW","1548-7660","1548-7660","STATISTICS & PROBABILITY - SCIE","5.8","2.02","22.2"," 3/125 "," 6/164 "
"BIOINFORMATICS","BIOINFORMATICS","1367-4803","1367-4811","MATHEMATICAL & COMPUTATIONAL BIOLOGY - SCIE","5.8","1.69","8.3"," 6/55 "," 5/67 "
"Database-The Journal of Biological Databases and Curation","DATABASE-OXFORD","1758-0463","1758-0463","MATHEMATICAL & COMPUTATIONAL BIOLOGY - SCIE","5.8","0.94","4.6"," 6/55 "," 16/67 "
"STATISTICAL SCIENCE","STAT SCI","0883-4237","2168-8745","STATISTICS & PROBABILITY - SCIE","5.7","2.12","6.1"," 5/125 "," 3/164 "
"Stata Journal","STATA J","1536-867X","1536-8734","STATISTICS & PROBABILITY - SCIE","4.8","1.6","6.2"," 6/125 "," 12/164 "
"Interdisciplinary Sciences-Computational Life Sciences","INTERDISCIP SCI","1913-2751","1867-1462","MATHEMATICAL & COMPUTATIONAL BIOLOGY - SCIE","4.8","1.06","3.1"," 8/55 "," 15/67 "
"ANNALS OF STATISTICS","ANN STAT","0090-5364","N/A","STATISTICS & PROBABILITY - SCIE","4.5","2.06","5.4"," 7/125 "," 4/164 "
"IEEE-ACM Transactions on Computational Biology and Bioinformatics","IEEE ACM T COMPUT BI","1545-5963","1557-9964","STATISTICS & PROBABILITY - SCIE","4.5","1.83","4"," 7/125 "," 9/164 "
"BioData Mining","BIODATA MIN","1756-0381","1756-0381","MATHEMATICAL & COMPUTATIONAL BIOLOGY - SCIE","4.5","1.15","4.4"," 9/55 "," 10/67 "
"Bayesian Analysis","BAYESIAN ANAL","1931-6690","1936-0975","STATISTICS & PROBABILITY - SCIE","4.4","0.93","4.2"," 9/125 "," 23/164 "
"PLoS Computational Biology","PLOS COMPUT BIOL","1553-734X","1553-7358","MATHEMATICAL & COMPUTATIONAL BIOLOGY - SCIE","4.3","1.1","5.4"," 10/55 "," 12/67 "
"MATHEMATICAL BIOSCIENCES","MATH BIOSCI","0025-5564","1879-3134","MATHEMATICAL & COMPUTATIONAL BIOLOGY - SCIE","4.3","0.88","2.6"," 10/55 "," 18/67 "
"STOCHASTIC ENVIRONMENTAL RESEARCH AND RISK ASSESSMENT","STOCH ENV RES RISK A","1436-3240","1436-3259","STATISTICS & PROBABILITY - SCIE","4.2","0.97","3.5"," 10/125 "," 20/164 "
"npj Systems Biology and Applications","NPJ SYST BIOL APPL","N/A","2056-7189","MATHEMATICAL & COMPUTATIONAL BIOLOGY - SCIE","4","1.15","4.3"," 12/55 "," 10/67 "
"Current Bioinformatics","CURR BIOINFORM","1574-8936","2212-392X","MATHEMATICAL & COMPUTATIONAL BIOLOGY - SCIE","4","0.87","2.8"," 12/55 "," 20/67 "
"FUZZY SETS AND SYSTEMS","FUZZY SET SYST","0165-0114","1872-6801","STATISTICS & PROBABILITY - SCIE","3.9","1.93","3.6"," 11/125 "," 8/164 "
"CHEMOMETRICS AND INTELLIGENT LABORATORY SYSTEMS","CHEMOMETR INTELL LAB","0169-7439","1873-3239","STATISTICS & PROBABILITY - SCIE","3.9","1.06","3.7"," 11/125 "," 17/164 "
"MULTIVARIATE BEHAVIORAL RESEARCH","MULTIVAR BEHAV RES","0027-3171","1532-7906","STATISTICS & PROBABILITY - SCIE","3.8","1.71","4.9"," 13/125 "," 10/164 "
"ENVIRONMENTAL AND ECOLOGICAL STATISTICS","ENVIRON ECOL STAT","1352-8505","1573-3009","STATISTICS & PROBABILITY - SCIE","3.8","1.12","2.8"," 13/125 "," 15/164 "
"JOURNAL OF THE AMERICAN STATISTICAL ASSOCIATION","J AM STAT ASSOC","0162-1459","1537-274X","STATISTICS & PROBABILITY - SCIE","3.7","1.67","5.2"," 15/125 "," 11/164 "
"Molecular Informatics","MOL INFORM","1868-1743","1868-1751","MATHEMATICAL & COMPUTATIONAL BIOLOGY - SCIE","3.6","0.88","3.2"," 14/55 "," 18/67 "
"BULLETIN OF MATHEMATICAL BIOLOGY","B MATH BIOL","0092-8240","1522-9602","MATHEMATICAL & COMPUTATIONAL BIOLOGY - SCIE","3.5","0.85","2.4"," 15/55 "," 21/67 "
"Frontiers in Neuroinformatics","FRONT NEUROINFORM","N/A","1662-5196","MATHEMATICAL & COMPUTATIONAL BIOLOGY - SCIE","3.5","0.83","4.8"," 15/55 "," 22/67 "
"Wiley Interdisciplinary Reviews-Computational Statistics","WIRES COMPUT STAT","1939-0068","1939-0068","STATISTICS & PROBABILITY - SCIE","3.2","1","4.2"," 16/125 "," 19/164 "
"Frontiers in Computational Neuroscience","FRONT COMPUT NEUROSC","N/A","1662-5188","MATHEMATICAL & COMPUTATIONAL BIOLOGY - SCIE","3.2","0.71","3.4"," 17/55 "," 29/67 "
"MEDICAL & BIOLOGICAL ENGINEERING & COMPUTING","MED BIOL ENG COMPUT","0140-0118","1741-0444","MATHEMATICAL & COMPUTATIONAL BIOLOGY - SCIE","3.2","0.7","3.1"," 17/55 "," 30/67 "
"JOURNAL OF BUSINESS & ECONOMIC STATISTICS","J BUS ECON STAT","0735-0015","1537-2707","STATISTICS & PROBABILITY - SCIE","3","1.44","4.8"," 17/125 "," 13/164 "
"BMC BIOINFORMATICS","BMC BIOINFORMATICS","1471-2105","1471-2105","MATHEMATICAL & COMPUTATIONAL BIOLOGY - SCIE","3","0.76","4.3"," 19/55 "," 25/67 "
"SAR AND QSAR IN ENVIRONMENTAL RESEARCH","SAR QSAR ENVIRON RES","1062-936X","1029-046X","MATHEMATICAL & COMPUTATIONAL BIOLOGY - SCIE","3","0.68","2.4"," 19/55 "," 31/67 "
"JOURNAL OF MOLECULAR GRAPHICS & MODELLING","J MOL GRAPH MODEL","1093-3263","1873-4243","MATHEMATICAL & COMPUTATIONAL BIOLOGY - SCIE","2.9","0.81","2.4"," 21/55 "," 24/67 "
"Quality Technology and Quantitative Management","QUAL TECHNOL QUANT M","1684-3703","1811-4857","STATISTICS & PROBABILITY - SCIE","2.8","0.73","2.4"," 18/125 "," 45/164 "
"Journal of Biological Dynamics","J BIOL DYNAM","1751-3758","1751-3766","MATHEMATICAL & COMPUTATIONAL BIOLOGY - SCIE","2.8","0.64","2.6"," 22/55 "," 32/67 "
"BIOMETRIKA","BIOMETRIKA","0006-3444","1464-3510","MATHEMATICAL & COMPUTATIONAL BIOLOGY - SCIE","2.7","0.92","3.2"," 23/55 "," 17/67 "
"BIOMETRIKA","BIOMETRIKA","0006-3444","1464-3510","STATISTICS & PROBABILITY - SCIE","2.7","0.92","3.2"," 19/125 "," 25/164 "
"BRITISH JOURNAL OF MATHEMATICAL & STATISTICAL PSYCHOLOGY","BRIT J MATH STAT PSY","0007-1102","2044-8317","STATISTICS & PROBABILITY - SCIE","2.6","0.85","2.9"," 20/125 "," 27/164 "
"PROBABILISTIC ENGINEERING MECHANICS","PROBABILIST ENG MECH","0266-8920","1878-4275","STATISTICS & PROBABILITY - SCIE","2.6","0.85","3.1"," 20/125 "," 27/164 "
"Mathematical Biosciences and Engineering","MATH BIOSCI ENG","1547-1063","1551-0018","MATHEMATICAL & COMPUTATIONAL BIOLOGY - SCIE","2.6","0.61","2.3"," 24/55 "," 36/67 "
"Evolutionary Bioinformatics","EVOL BIOINFORM","1176-9343","1176-9343","MATHEMATICAL & COMPUTATIONAL BIOLOGY - SCIE","2.6","0.52","2.3"," 24/55 "," 47/67 "
"TECHNOMETRICS","TECHNOMETRICS","0040-1706","1537-2723","STATISTICS & PROBABILITY - SCIE","2.5","0.97","2.8"," 22/125 "," 20/164 "
"OXFORD BULLETIN OF ECONOMICS AND STATISTICS","OXFORD B ECON STAT","0305-9049","1468-0084","STATISTICS & PROBABILITY - SCIE","2.5","0.78","2.3"," 22/125 "," 37/164 "
"JOURNAL OF QUALITY TECHNOLOGY","J QUAL TECHNOL","0022-4065","2575-6230","STATISTICS & PROBABILITY - SCIE","2.5","0.66","3"," 22/125 "," 54/164 "
"JOURNAL OF COMPUTATIONAL AND GRAPHICAL STATISTICS","J COMPUT GRAPH STAT","1061-8600","1537-2715","STATISTICS & PROBABILITY - SCIE","2.4","0.93","3.3"," 25/125 "," 23/164 "
"JOURNAL OF CHEMOMETRICS","J CHEMOMETR","0886-9383","1099-128X","STATISTICS & PROBABILITY - SCIE","2.4","0.64","2.3"," 25/125 "," 58/164 "
"ANNALS OF PROBABILITY","ANN PROBAB","0091-1798","N/A","STATISTICS & PROBABILITY - SCIE","2.3","1.06","2.7"," 27/125 "," 17/164 "
"Spatial Statistics","SPAT STAT-NETH","2211-6753","N/A","STATISTICS & PROBABILITY - SCIE","2.3","0.74","2.5"," 27/125 "," 43/164 "
"STATISTICAL METHODS IN MEDICAL RESEARCH","STAT METHODS MED RES","0962-2802","1477-0334","MATHEMATICAL & COMPUTATIONAL BIOLOGY - SCIE","2.3","0.74","3.2"," 26/55 "," 26/67 "
"STATISTICAL METHODS IN MEDICAL RESEARCH","STAT METHODS MED RES","0962-2802","1477-0334","STATISTICS & PROBABILITY - SCIE","2.3","0.74","3.2"," 27/125 "," 43/164 "
"Journal of Mathematical Neuroscience","J MATH NEUROSCI","2190-8567","2190-8567","MATHEMATICAL & COMPUTATIONAL BIOLOGY - SCIE","2.3","0.5","2"," 26/55 "," 48/67 "
"IET Systems Biology","IET SYST BIOL","1751-8849","1751-8857","MATHEMATICAL & COMPUTATIONAL BIOLOGY - SCIE","2.3","0.37","1.6"," 26/55 "," 54/67 "
"Mathematical Modelling of Natural Phenomena","MATH MODEL NAT PHENO","0973-5348","1760-6101","MATHEMATICAL & COMPUTATIONAL BIOLOGY - SCIE","2.2","1.09","1.9"," 29/55 "," 13/67 "
"STATISTICS AND COMPUTING","STAT COMPUT","0960-3174","1573-1375","STATISTICS & PROBABILITY - SCIE","2.2","0.81","3.9"," 30/125 "," 32/164 "
"International Journal of Biomathematics","INT J BIOMATH","1793-5245","1793-7159","MATHEMATICAL & COMPUTATIONAL BIOLOGY - SCIE","2.2","0.58","1.6"," 29/55 "," 39/67 "
"BIOSTATISTICS","BIOSTATISTICS","1465-4644","1468-4357","MATHEMATICAL & COMPUTATIONAL BIOLOGY - SCIE","2.1","1.28","3.8"," 31/55 "," 9/67 "
"BIOSTATISTICS","BIOSTATISTICS","1465-4644","1468-4357","STATISTICS & PROBABILITY - SCIE","2.1","1.28","3.8"," 31/125 "," 14/164 "
"Journal of Survey Statistics and Methodology","J SURV STAT METHODOL","2325-0984","2325-0992","STATISTICS & PROBABILITY - SCIE","2.1","0.85","2.2"," 31/125 "," 27/164 "
"International Journal for Numerical Methods in Biomedical Engineering","INT J NUMER METH BIO","2040-7939","2040-7947","MATHEMATICAL & COMPUTATIONAL BIOLOGY - SCIE","2.1","0.63","2.6"," 31/55 "," 35/67 "
"GENETIC EPIDEMIOLOGY","GENET EPIDEMIOL","0741-0395","1098-2272","MATHEMATICAL & COMPUTATIONAL BIOLOGY - SCIE","2.1","0.54","2.5"," 31/55 "," 43/67 "
"R Journal","R J","2073-4859","N/A","STATISTICS & PROBABILITY - SCIE","2.1","0.51","10.3"," 31/125 "," 84/164 "
"PROBABILITY THEORY AND RELATED FIELDS","PROBAB THEORY REL","0178-8051","1432-2064","STATISTICS & PROBABILITY - SCIE","2","0.89","2.1"," 34/125 "," 26/164 "
"JOURNAL OF THE ROYAL STATISTICAL SOCIETY SERIES A-STATISTICS IN SOCIETY","J R STAT SOC A STAT","0964-1998","N/A","STATISTICS & PROBABILITY - SCIE","2","0.82","2.5"," 34/125 "," 31/164 "
"INTERNATIONAL STATISTICAL REVIEW","INT STAT REV","0306-7734","1751-5823","STATISTICS & PROBABILITY - SCIE","2","0.76","2.5"," 34/125 "," 41/164 "
"JOURNAL OF THEORETICAL BIOLOGY","J THEOR BIOL","0022-5193","1095-8541","MATHEMATICAL & COMPUTATIONAL BIOLOGY - SCIE","2","0.64","2"," 34/55 "," 32/67 "
"STATISTICS IN MEDICINE","STAT MED","0277-6715","1097-0258","MATHEMATICAL & COMPUTATIONAL BIOLOGY - SCIE","2","0.64","2.7"," 34/55 "," 32/67 "
"STATISTICS IN MEDICINE","STAT MED","0277-6715","1097-0258","STATISTICS & PROBABILITY - SCIE","2","0.64","2.7"," 34/125 "," 58/164 "
"Quality Engineering","QUAL ENG","0898-2112","1532-4222","STATISTICS & PROBABILITY - SCIE","2","0.6","1.9"," 34/125 "," 64/164 "
"Econometrics Journal","ECONOMET J","1368-4221","1368-423X","STATISTICS & PROBABILITY - SCIE","1.9","0.8","3.8"," 39/125 "," 34/164 "
"INSURANCE MATHEMATICS & ECONOMICS","INSUR MATH ECON","0167-6687","1873-5959","STATISTICS & PROBABILITY - SCIE","1.9","0.79","2.2"," 39/125 "," 35/164 "
"Astin Bulletin-The Journal of the International Actuarial Association","ASTIN BULL","0515-0361","1783-1350","STATISTICS & PROBABILITY - SCIE","1.9","0.78","2.2"," 39/125 "," 37/164 "
"JOURNAL OF MATHEMATICAL BIOLOGY","J MATH BIOL","0303-6812","1432-1416","MATHEMATICAL & COMPUTATIONAL BIOLOGY - SCIE","1.9","0.55","2"," 36/55 "," 41/67 "
"BIOMETRICS","BIOMETRICS","0006-341X","1541-0420","MATHEMATICAL & COMPUTATIONAL BIOLOGY - SCIE","1.9","0.53","2.4"," 36/55 "," 45/67 "
"BIOMETRICS","BIOMETRICS","0006-341X","1541-0420","STATISTICS & PROBABILITY - SCIE","1.9","0.53","2.4"," 39/125 "," 77/164 "
"Journal of Biomedical Semantics","J BIOMED SEMANT","2041-1480","2041-1480","MATHEMATICAL & COMPUTATIONAL BIOLOGY - SCIE","1.9","0.45","2.6"," 36/55 "," 51/67 "
"STATISTICS","STATISTICS-ABINGDON","0233-1888","1029-4910","STATISTICS & PROBABILITY - SCIE","1.9","0.35","1.7"," 39/125 "," 127/164 "
"AMERICAN STATISTICIAN","AM STAT","0003-1305","1537-2731","STATISTICS & PROBABILITY - SCIE","1.8","1.96","6.4"," 44/125 "," 7/164 "
"ANNALS OF APPLIED PROBABILITY","ANN APPL PROBAB","1050-5164","N/A","STATISTICS & PROBABILITY - SCIE","1.8","0.81","2.2"," 44/125 "," 32/164 "
"Annals of Applied Statistics","ANN APPL STAT","1932-6157","1941-7330","STATISTICS & PROBABILITY - SCIE","1.8","0.75","2.4"," 44/125 "," 42/164 "
"Scandinavian Actuarial Journal","SCAND ACTUAR J","0346-1238","1651-2030","STATISTICS & PROBABILITY - SCIE","1.8","0.64","1.9"," 44/125 "," 58/164 "
"COMPUTATIONAL STATISTICS & DATA ANALYSIS","COMPUT STAT DATA AN","0167-9473","1872-7352","STATISTICS & PROBABILITY - SCIE","1.8","0.6","1.8"," 44/125 "," 64/164 "
"Statistics in Biopharmaceutical Research","STAT BIOPHARM RES","1946-6315","1946-6315","MATHEMATICAL & COMPUTATIONAL BIOLOGY - SCIE","1.8","0.59","1.4"," 39/55 "," 37/67 "
"Statistics in Biopharmaceutical Research","STAT BIOPHARM RES","1946-6315","1946-6315","STATISTICS & PROBABILITY - SCIE","1.8","0.59","1.4"," 44/125 "," 67/164 "
"Mathematical Population Studies","MATH POPUL STUD","0889-8480","1547-724X","STATISTICS & PROBABILITY - SCIE","1.8","0.53","1.3"," 44/125 "," 77/164 "
"FINANCE AND STOCHASTICS","FINANC STOCH","0949-2984","1432-1122","STATISTICS & PROBABILITY - SCIE","1.7","0.71","2.3"," 51/125 "," 46/164 "
"ENVIRONMETRICS","ENVIRONMETRICS","1180-4009","1099-095X","STATISTICS & PROBABILITY - SCIE","1.7","0.54","1.6"," 51/125 "," 74/164 "
"BIOMETRICAL JOURNAL","BIOMETRICAL J","0323-3847","1521-4036","MATHEMATICAL & COMPUTATIONAL BIOLOGY - SCIE","1.7","0.53","2.1"," 40/55 "," 45/67 "
"BIOMETRICAL JOURNAL","BIOMETRICAL J","0323-3847","1521-4036","STATISTICS & PROBABILITY - SCIE","1.7","0.53","2.1"," 51/125 "," 77/164 "
"JOURNAL OF COMPUTATIONAL BIOLOGY","J COMPUT BIOL","1066-5277","1557-8666","MATHEMATICAL & COMPUTATIONAL BIOLOGY - SCIE","1.7","0.42","1.6"," 40/55 "," 52/67 "
"JOURNAL OF COMPUTATIONAL BIOLOGY","J COMPUT BIOL","1066-5277","1557-8666","STATISTICS & PROBABILITY - SCIE","1.7","0.42","1.6"," 51/125 "," 109/164 "
"Stat","STAT-US","2049-1573","2049-1573","STATISTICS & PROBABILITY - SCIE","1.7","0.36","2"," 51/125 "," 124/164 "
"Advances in Data Analysis and Classification","ADV DATA ANAL CLASSI","1862-5347","1862-5355","STATISTICS & PROBABILITY - SCIE","1.6","0.77","1.9"," 56/125 "," 40/164 "
"JOURNAL OF MULTIVARIATE ANALYSIS","J MULTIVARIATE ANAL","0047-259X","N/A","STATISTICS & PROBABILITY - SCIE","1.6","0.71","1.8"," 56/125 "," 46/164 "
"JOURNAL OF THE ROYAL STATISTICAL SOCIETY SERIES C-APPLIED STATISTICS","J R STAT SOC C-APPL","0035-9254","N/A","STATISTICS & PROBABILITY - SCIE","1.6","0.67","2"," 56/125 "," 53/164 "
"BIOSYSTEMS","BIOSYSTEMS","0303-2647","1872-8324","MATHEMATICAL & COMPUTATIONAL BIOLOGY - SCIE","1.6","0.54","1.8"," 42/55 "," 43/67 "
"SORT-Statistics and Operations Research Transactions","SORT-STAT OPER RES T","1696-2281","2013-8830","STATISTICS & PROBABILITY - SCIE","1.6","0.49","1.4"," 56/125 "," 88/164 "
"JOURNAL OF BIOLOGICAL SYSTEMS","J BIOL SYST","0218-3390","1793-6470","MATHEMATICAL & COMPUTATIONAL BIOLOGY - SCIE","1.6","0.4","1.3"," 42/55 "," 53/67 "
"BERNOULLI","BERNOULLI","1350-7265","1573-9759","STATISTICS & PROBABILITY - SCIE","1.5","0.78","1.7"," 60/125 "," 37/164 "
"ANNALES DE L INSTITUT HENRI POINCARE-PROBABILITES ET STATISTIQUES","ANN I H POINCARE-PR","0246-0203","N/A","STATISTICS & PROBABILITY - SCIE","1.5","0.7","1.5"," 60/125 "," 48/164 "
"Stochastics and Partial Differential Equations-Analysis and Computations","STOCH PARTIAL DIFFER","2194-0401","2194-041X","STATISTICS & PROBABILITY - SCIE","1.5","0.69","1.4"," 60/125 "," 50/164 "
"STATISTICA NEERLANDICA","STAT NEERL","0039-0402","1467-9574","STATISTICS & PROBABILITY - SCIE","1.5","0.65","1.4"," 60/125 "," 56/164 "
"JOURNAL OF APPLIED STATISTICS","J APPL STAT","0266-4763","1360-0532","STATISTICS & PROBABILITY - SCIE","1.5","0.61","1.4"," 60/125 "," 63/164 "
"PHARMACEUTICAL STATISTICS","PHARM STAT","1539-1604","1539-1612","STATISTICS & PROBABILITY - SCIE","1.5","0.52","1.6"," 60/125 "," 81/164 "
"STOCHASTIC PROCESSES AND THEIR APPLICATIONS","STOCH PROC APPL","0304-4149","1879-209X","STATISTICS & PROBABILITY - SCIE","1.4","0.68","1.5"," 66/125 "," 51/164 "
"STATISTICA SINICA","STAT SINICA","1017-0405","1996-8507","STATISTICS & PROBABILITY - SCIE","1.4","0.65","1.4"," 66/125 "," 56/164 "
"AStA-Advances in Statistical Analysis","ASTA-ADV STAT ANAL","1863-8171","1863-818X","STATISTICS & PROBABILITY - SCIE","1.4","0.64","1.4"," 66/125 "," 58/164 "
"JOURNAL OF AGRICULTURAL BIOLOGICAL AND ENVIRONMENTAL STATISTICS","J AGR BIOL ENVIR ST","1085-7117","1537-2693","MATHEMATICAL & COMPUTATIONAL BIOLOGY - SCIE","1.4","0.57","1.9"," 44/55 "," 40/67 "
"JOURNAL OF AGRICULTURAL BIOLOGICAL AND ENVIRONMENTAL STATISTICS","J AGR BIOL ENVIR ST","1085-7117","1537-2693","STATISTICS & PROBABILITY - SCIE","1.4","0.57","1.9"," 66/125 "," 70/164 "
"ELECTRONIC JOURNAL OF PROBABILITY","ELECTRON J PROBAB","1083-6489","1083-6489","STATISTICS & PROBABILITY - SCIE","1.4","0.49","1.4"," 66/125 "," 88/164 "
"APPLIED STOCHASTIC MODELS IN BUSINESS AND INDUSTRY","APPL STOCH MODEL BUS","1524-1904","1526-4025","STATISTICS & PROBABILITY - SCIE","1.4","0.45","1.4"," 66/125 "," 100/164 "
"THEORETICAL POPULATION BIOLOGY","THEOR POPUL BIOL","0040-5809","1096-0325","MATHEMATICAL & COMPUTATIONAL BIOLOGY - SCIE","1.4","0.35","1.5"," 44/55 "," 56/67 "
"STATISTICAL PAPERS","STAT PAP","0932-5026","1613-9798","STATISTICS & PROBABILITY - SCIE","1.3","0.83","1.4"," 72/125 "," 30/164 "
"TEST","TEST-SPAIN","1133-0686","1863-8260","STATISTICS & PROBABILITY - SCIE","1.3","0.66","2.3"," 72/125 "," 54/164 "
"COMPUTATIONAL STATISTICS","COMPUTATION STAT","0943-4062","1613-9658","STATISTICS & PROBABILITY - SCIE","1.3","0.59","1.3"," 72/125 "," 67/164 "
"STOCHASTIC ANALYSIS AND APPLICATIONS","STOCH ANAL APPL","0736-2994","1532-9356","STATISTICS & PROBABILITY - SCIE","1.3","0.56","1.2"," 72/125 "," 71/164 "
"LIFETIME DATA ANALYSIS","LIFETIME DATA ANAL","1380-7870","1572-9249","STATISTICS & PROBABILITY - SCIE","1.3","0.5","1.3"," 72/125 "," 85/164 "
"Extremes","EXTREMES","1386-1999","1572-915X","STATISTICS & PROBABILITY - SCIE","1.3","0.44","1.4"," 72/125 "," 104/164 "
"ACTA BIOTHEORETICA","ACTA BIOTHEOR","0001-5342","1572-8358","MATHEMATICAL & COMPUTATIONAL BIOLOGY - SCIE","1.3","0.33","1.1"," 46/55 "," 58/67 "
"Statistical Analysis and Data Mining","STAT ANAL DATA MIN","1932-1864","1932-1872","STATISTICS & PROBABILITY - SCIE","1.3","0.32","1.6"," 72/125 "," 131/164 "
"Econometric Reviews","ECONOMET REV","0747-4938","1532-4168","STATISTICS & PROBABILITY - SCIE","1.2","0.54","1.6"," 79/125 "," 74/164 "
"ADVANCES IN APPLIED PROBABILITY","ADV APPL PROBAB","0001-8678","1475-6064","STATISTICS & PROBABILITY - SCIE","1.2","0.5","1"," 79/125 "," 85/164 "
"International Journal of Biostatistics","INT J BIOSTAT","2194-573X","1557-4679","MATHEMATICAL & COMPUTATIONAL BIOLOGY - SCIE","1.2","0.48","1.3"," 47/55 "," 49/67 "
"International Journal of Biostatistics","INT J BIOSTAT","2194-573X","1557-4679","STATISTICS & PROBABILITY - SCIE","1.2","0.48","1.3"," 79/125 "," 91/164 "
"JOURNAL OF NONPARAMETRIC STATISTICS","J NONPARAMETR STAT","1048-5252","1029-0311","STATISTICS & PROBABILITY - SCIE","1.2","0.47","1.5"," 79/125 "," 93/164 "
"JOURNAL OF STATISTICAL COMPUTATION AND SIMULATION","J STAT COMPUT SIM","0094-9655","1563-5163","STATISTICS & PROBABILITY - SCIE","1.2","0.39","1.4"," 79/125 "," 119/164 "
"JOURNAL OF COMPUTATIONAL NEUROSCIENCE","J COMPUT NEUROSCI","0929-5313","1573-6873","MATHEMATICAL & COMPUTATIONAL BIOLOGY - SCIE","1.2","0.31","1.5"," 47/55 "," 61/67 "
"Stochastics and Dynamics","STOCH DYNAM","0219-4937","1793-6799","STATISTICS & PROBABILITY - SCIE","1.1","0.53","1.1"," 84/125 "," 77/164 "
"Electronic Journal of Statistics","ELECTRON J STAT","1935-7524","1935-7524","STATISTICS & PROBABILITY - SCIE","1.1","0.52","1.5"," 84/125 "," 81/164 "
"AUSTRALIAN & NEW ZEALAND JOURNAL OF STATISTICS","AUST NZ J STAT","1369-1473","1467-842X","STATISTICS & PROBABILITY - SCIE","1.1","0.48","1.4"," 84/125 "," 91/164 "
"Journal of Biopharmaceutical Statistics","J BIOPHARM STAT","1054-3406","1520-5711","STATISTICS & PROBABILITY - SCIE","1.1","0.43","1.1"," 84/125 "," 107/164 "
"Journal of Official Statistics","J OFF STAT","0282-423X","2001-7367","STATISTICS & PROBABILITY - SCIE","1.1","0.41","1.3"," 84/125 "," 114/164 "
"PROBABILITY IN THE ENGINEERING AND INFORMATIONAL SCIENCES","PROBAB ENG INFORM SC","0269-9648","1469-8951","STATISTICS & PROBABILITY - SCIE","1.1","0.38","1"," 84/125 "," 122/164 "
"MATHEMATICAL MEDICINE AND BIOLOGY-A JOURNAL OF THE IMA","MATH MED BIOL","1477-8599","1477-8602","MATHEMATICAL & COMPUTATIONAL BIOLOGY - SCIE","1.1","0.33","1.3"," 49/55 "," 58/67 "
"THEORY IN BIOSCIENCES","THEOR BIOSCI","1431-7613","1611-7530","MATHEMATICAL & COMPUTATIONAL BIOLOGY - SCIE","1.1","0.33","1.3"," 49/55 "," 58/67 "
"Statistical Methods and Applications","STAT METHOD APPL-GER","1618-2510","1613-981X","STATISTICS & PROBABILITY - SCIE","1","0.54","1.1"," 90/125 "," 74/164 "
"ANNALS OF THE INSTITUTE OF STATISTICAL MATHEMATICS","ANN I STAT MATH","0020-3157","1572-9052","STATISTICS & PROBABILITY - SCIE","1","0.49","1"," 90/125 "," 88/164 "
"JOURNAL OF APPLIED PROBABILITY","J APPL PROBAB","0021-9002","1475-6072","STATISTICS & PROBABILITY - SCIE","1","0.46","1"," 90/125 "," 95/164 "
"STATISTICAL MODELLING","STAT MODEL","1471-082X","1477-0342","STATISTICS & PROBABILITY - SCIE","1","0.44","1.7"," 90/125 "," 104/164 "
"SCANDINAVIAN JOURNAL OF STATISTICS","SCAND J STAT","0303-6898","1467-9469","STATISTICS & PROBABILITY - SCIE","1","0.43","1.2"," 90/125 "," 107/164 "
"Brazilian Journal of Probability and Statistics","BRAZ J PROBAB STAT","0103-0752","0103-0752","STATISTICS & PROBABILITY - SCIE","1","0.41","0.8"," 90/125 "," 114/164 "
"Algorithms for Molecular Biology","ALGORITHM MOL BIOL","N/A","1748-7188","MATHEMATICAL & COMPUTATIONAL BIOLOGY - SCIE","1","0.31","1.2"," 51/55 "," 61/67 "
"Journal of Bioinformatics and Computational Biology","J BIOINF COMPUT BIOL","0219-7200","1757-6334","MATHEMATICAL & COMPUTATIONAL BIOLOGY - SCIE","1","0.26","1.2"," 51/55 "," 64/67 "
"Journal of Statistical Planning and Inference","J STAT PLAN INFER","0378-3758","1873-1171","STATISTICS & PROBABILITY - SCIE","0.9","0.55","1"," 96/125 "," 72/164 "
"COMBINATORICS PROBABILITY & COMPUTING","COMB PROBAB COMPUT","0963-5483","1469-2163","STATISTICS & PROBABILITY - SCIE","0.9","0.5","1"," 96/125 "," 85/164 "
"COMMUNICATIONS IN STATISTICS-SIMULATION AND COMPUTATION","COMMUN STAT-SIMUL C","0361-0918","1532-4141","STATISTICS & PROBABILITY - SCIE","0.9","0.46","1"," 96/125 "," 95/164 "
"METHODOLOGY AND COMPUTING IN APPLIED PROBABILITY","METHODOL COMPUT APPL","1387-5841","1573-7713","STATISTICS & PROBABILITY - SCIE","0.9","0.45","0.9"," 96/125 "," 100/164 "
"Random Matrices-Theory and Applications","RANDOM MATRICES-THEO","2010-3263","2010-3271","STATISTICS & PROBABILITY - SCIE","0.9","0.45","0.8"," 96/125 "," 100/164 "
"Stochastics-An International Journal of Probability and Stochastic Processes","STOCHASTICS","1744-2508","1744-2516","STATISTICS & PROBABILITY - SCIE","0.9","0.41","1"," 96/125 "," 114/164 "
"JOURNAL OF TIME SERIES ANALYSIS","J TIME SER ANAL","0143-9782","1467-9892","STATISTICS & PROBABILITY - SCIE","0.9","0.39","1.6"," 96/125 "," 119/164 "
"REVSTAT-Statistical Journal","REVSTAT-STAT J","1645-6726","2183-0371","STATISTICS & PROBABILITY - SCIE","0.9","0.32","1"," 96/125 "," 131/164 "
"INFINITE DIMENSIONAL ANALYSIS QUANTUM PROBABILITY AND RELATED TOPICS","INFIN DIMENS ANAL QU","0219-0257","1793-6306","STATISTICS & PROBABILITY - SCIE","0.9","0.31","0.8"," 96/125 "," 134/164 "
"Survey Methodology","SURV METHODOL","0714-0045","N/A","STATISTICS & PROBABILITY - SCIE","0.9","0.25","1"," 96/125 "," 146/164 "
"Statistical Applications in Genetics and Molecular Biology","STAT APPL GENET MOL","2194-6302","1544-6115","MATHEMATICAL & COMPUTATIONAL BIOLOGY - SCIE","0.9","0.21","0.8"," 53/55 "," 65/67 "
"Statistical Applications in Genetics and Molecular Biology","STAT APPL GENET MOL","2194-6302","1544-6115","STATISTICS & PROBABILITY - SCIE","0.9","0.21","0.8"," 96/125 "," 153/164 "
"Hacettepe Journal of Mathematics and Statistics","HACET J MATH STAT","N/A","2651-477X","STATISTICS & PROBABILITY - SCIE","0.8","0.55","0.9"," 107/125 "," 72/164 "
"ECONOMETRIC THEORY","ECONOMET THEOR","0266-4666","1469-4360","STATISTICS & PROBABILITY - SCIE","0.8","0.46","1.3"," 107/125 "," 95/164 "
"Sequential Analysis-Design Methods and Applications","SEQUENTIAL ANAL","0747-4946","1532-4176","STATISTICS & PROBABILITY - SCIE","0.8","0.44","0.9"," 107/125 "," 104/164 "
"STATISTICS & PROBABILITY LETTERS","STAT PROBABIL LETT","0167-7152","1879-2103","STATISTICS & PROBABILITY - SCIE","0.8","0.39","0.8"," 107/125 "," 119/164 "
"COMMUNICATIONS IN STATISTICS-THEORY AND METHODS","COMMUN STAT-THEOR M","0361-0926","1532-415X","STATISTICS & PROBABILITY - SCIE","0.8","0.36","0.9"," 107/125 "," 124/164 "
"JOURNAL OF THEORETICAL PROBABILITY","J THEOR PROBAB","0894-9840","1572-9230","STATISTICS & PROBABILITY - SCIE","0.8","0.33","0.7"," 107/125 "," 129/164 "
"OPEN SYSTEMS & INFORMATION DYNAMICS","OPEN SYST INF DYN","1230-1612","1793-7191","STATISTICS & PROBABILITY - SCIE","0.8","0.3","1.3"," 107/125 "," 138/164 "
"Statistics and Its Interface","STAT INTERFACE","1938-7989","1938-7997","MATHEMATICAL & COMPUTATIONAL BIOLOGY - SCIE","0.8","0.2","0.7"," 54/55 "," 66/67 "
"LAW PROBABILITY & RISK","LAW PROBAB RISK","1470-8396","1470-840X","STATISTICS & PROBABILITY - SCIE","0.7","0.46","0.7"," 114/125 "," 95/164 "
"METRIKA","METRIKA","0026-1335","1435-926X","STATISTICS & PROBABILITY - SCIE","0.7","0.37","0.9"," 114/125 "," 123/164 "
"ALEA-Latin American Journal of Probability and Mathematical Statistics","ALEA-LAT AM J PROBAB","1980-0436","N/A","STATISTICS & PROBABILITY - SCIE","0.7","0.34","0.8"," 114/125 "," 128/164 "
"STOCHASTIC MODELS","STOCH MODELS","1532-6349","1532-4214","STATISTICS & PROBABILITY - SCIE","0.7","0.28","0.6"," 114/125 "," 141/164 "
"CANADIAN JOURNAL OF STATISTICS-REVUE CANADIENNE DE STATISTIQUE","CAN J STAT","0319-5724","1708-945X","STATISTICS & PROBABILITY - SCIE","0.6","0.31","1"," 118/125 "," 134/164 "
"Journal of the Korean Statistical Society","J KOREAN STAT SOC","1226-3192","2005-2863","STATISTICS & PROBABILITY - SCIE","0.6","0.31","0.7"," 118/125 "," 134/164 "
"THEORY OF PROBABILITY AND ITS APPLICATIONS","THEOR PROBAB APPL+","0040-585X","1095-7219","STATISTICS & PROBABILITY - SCIE","0.6","0.29","0.5"," 118/125 "," 139/164 "
"INTERNATIONAL JOURNAL OF GAME THEORY","INT J GAME THEORY","0020-7276","1432-1270","STATISTICS & PROBABILITY - SCIE","0.6","0.23","0.6"," 118/125 "," 151/164 "
"ELECTRONIC COMMUNICATIONS IN PROBABILITY","ELECTRON COMMUN PROB","N/A","1083-589X","STATISTICS & PROBABILITY - SCIE","0.5","0.26","0.7"," 122/125 "," 145/164 "
"ESAIM-Probability and Statistics","ESAIM-PROBAB STAT","1292-8100","1262-3318","STATISTICS & PROBABILITY - SCIE","0.4","0.27","0.6"," 123/125 "," 144/164 "
"Probability and Mathematical Statistics-Poland","PROBAB MATH STAT-POL","0208-4147","N/A","STATISTICS & PROBABILITY - SCIE","0.3","0.18","0.4"," 124/125 "," 155/164 "
"International Journal of Data Mining and Bioinformatics","INT J DATA MIN BIOIN","1748-5673","1748-5681","MATHEMATICAL & COMPUTATIONAL BIOLOGY - SCIE","0.3","0.1","0.6"," 55/55 "," 67/67 "
"Markov Processes and Related Fields","MARKOV PROCESS RELAT","1024-2953","1024-2953","STATISTICS & PROBABILITY - SCIE","0.2","0.15","0.4"," 125/125 "," 159/164 "
